file_name,folder_name,instance_name,instance_type,mapping_name,repository_name,reusable_flag,transformation_name,transformation_type
JEG_SDE_IPCS_BItimePhasedDataBudgetFact.XML,Custom_SDE_ORAR1213_Adaptor,WC_BI_TIMEPHASEDATA_BUDGET_FS,TARGET,JEG_SDE_IPCS_BItimePhasedDataBudgetFact,BIINFAPROD_FLEX,,WC_BI_TIMEPHASEDATA_BUDGET_FS,Target Definition
JEG_SDE_IPCS_BItimePhasedDataBudgetFact.XML,Custom_SDE_ORAR1213_Adaptor,BI_TimephasedData_Budget,SOURCE,JEG_SDE_IPCS_BItimePhasedDataBudgetFact,BIINFAPROD_FLEX,,BI_TimephasedData_Budget,Source Definition
JEG_SDE_IPCS_BItimePhasedDataBudgetFact.XML,Custom_SDE_ORAR1213_Adaptor,SQ_BI_TimephasedData_Budget,TRANSFORMATION,JEG_SDE_IPCS_BItimePhasedDataBudgetFact,BIINFAPROD_FLEX,NO,SQ_BI_TimephasedData_Budget,Source Qualifier
JEG_SDE_IPCS_BItimePhasedDataBudgetFact.XML,Custom_SDE_ORAR1213_Adaptor,EXPTRAN,TRANSFORMATION,JEG_SDE_IPCS_BItimePhasedDataBudgetFact,BIINFAPROD_FLEX,NO,EXPTRAN,Expression
JEG_SDE_ORA_PBCS_Actual_Proforma.XML,Custom_SDE_PBCS,WC_PBCS_ACTUALS_P_FS,TARGET,JEG_SDE_ORA_PBCS_Actual_Proforma,BIINFAPROD_FLEX,,WC_PBCS_ACTUALS_P_FS,Target Definition
JEG_SDE_ORA_PBCS_Actual_Proforma.XML,Custom_SDE_PBCS,EXPTRANS,TRANSFORMATION,JEG_SDE_ORA_PBCS_Actual_Proforma,BIINFAPROD_FLEX,NO,EXPTRANS,Expression
JEG_SDE_ORA_PBCS_Actual_Proforma.XML,Custom_SDE_PBCS,SQ_WC_PBCS_EXEC_ACTUALS_P_FS,TRANSFORMATION,JEG_SDE_ORA_PBCS_Actual_Proforma,BIINFAPROD_FLEX,NO,SQ_WC_PBCS_EXEC_ACTUALS_P_FS,Source Qualifier
JEG_SDE_ORA_PBCS_Actual_Proforma.XML,Custom_SDE_PBCS,WC_PBCS_EXEC_ACTUALS_P_FS,SOURCE,JEG_SDE_ORA_PBCS_Actual_Proforma,BIINFAPROD_FLEX,,WC_PBCS_EXEC_ACTUALS_P_FS,Source Definition
JEG_SDE_ORA_PBCS_Actual_SM.XML,Custom_SDE_PBCS,WC_PBCS_ACTUALS_MS_FS,TARGET,JEG_SDE_ORA_PBCS_Actual_SM,BIINFAPROD_FLEX,,WC_PBCS_ACTUALS_MS_FS,Target Definition
JEG_SDE_ORA_PBCS_Actual_SM.XML,Custom_SDE_PBCS,EXPTRANS,TRANSFORMATION,JEG_SDE_ORA_PBCS_Actual_SM,BIINFAPROD_FLEX,NO,EXPTRANS,Expression
JEG_SDE_ORA_PBCS_Actual_SM.XML,Custom_SDE_PBCS,WC_PBCS_EXEC_ACTUALS_SM_FS,SOURCE,JEG_SDE_ORA_PBCS_Actual_SM,BIINFAPROD_FLEX,,WC_PBCS_EXEC_ACTUALS_SM_FS,Source Definition
JEG_SDE_ORA_PBCS_Actual_SM.XML,Custom_SDE_PBCS,SQ_WC_PBCS_EXEC_ACTUALS_SM_FS,TRANSFORMATION,JEG_SDE_ORA_PBCS_Actual_SM,BIINFAPROD_FLEX,NO,SQ_WC_PBCS_EXEC_ACTUALS_SM_FS,Source Qualifier
JEG_SDE_ORA_WC_PBCS_BUDGET_ACTUALS_FS.XML,Custom_SDE_PBCS,WC_PBCS_BUDGET_ACTUALS_FS,TARGET,JEG_SDE_ORA_WC_PBCS_BUDGET_ACTUALS_FS,BIINFAPROD_FLEX,,WC_PBCS_BUDGET_ACTUALS_FS,Target Definition
JEG_SDE_ORA_WC_PBCS_BUDGET_ACTUALS_FS.XML,Custom_SDE_PBCS,WC_PBCS_ACTUALS_P_FS,SOURCE,JEG_SDE_ORA_WC_PBCS_BUDGET_ACTUALS_FS,BIINFAPROD_FLEX,,WC_PBCS_ACTUALS_P_FS,Source Definition
JEG_SDE_ORA_WC_PBCS_BUDGET_ACTUALS_FS.XML,Custom_SDE_PBCS,SQ_WC_PBCS_ACTUALS_P_FS,TRANSFORMATION,JEG_SDE_ORA_WC_PBCS_BUDGET_ACTUALS_FS,BIINFAPROD_FLEX,NO,SQ_WC_PBCS_ACTUALS_P_FS,Source Qualifier
JEG_SDE_ORA_WC_PBCS_BUDGET_ACTUALS_FS.XML,Custom_SDE_PBCS,EXPTRANS,TRANSFORMATION,JEG_SDE_ORA_WC_PBCS_BUDGET_ACTUALS_FS,BIINFAPROD_FLEX,NO,EXPTRANS,Expression
JEG_SDE_ORA_WC_PBCS_BUDGET_ACTUALS_FS.XML,Custom_SDE_PBCS,WC_ACCOUNT_DH,SOURCE,JEG_SDE_ORA_WC_PBCS_BUDGET_ACTUALS_FS,BIINFAPROD_FLEX,,WC_ACCOUNT_DH,Source Definition
JEG_SDE_POL_ProjectReviewSubmittedDimensionStage.XML,Custom_SDE_ORAR1213_Adaptor,WC_BI_POL_PROJ_REV_SUB_DS,TARGET,JEG_SDE_POL_ProjectReviewSubmittedDimensionStage,BIINFAPROD_FLEX,,WC_BI_POL_PROJ_REV_SUB_DS,Target Definition
JEG_SDE_POL_ProjectReviewSubmittedDimensionStage.XML,Custom_SDE_ORAR1213_Adaptor,SQ_ProjectReview_Submitted,TRANSFORMATION,JEG_SDE_POL_ProjectReviewSubmittedDimensionStage,BIINFAPROD_FLEX,NO,SQ_ProjectReview_Submitted,Source Qualifier
JEG_SDE_POL_ProjectReviewSubmittedDimensionStage.XML,Custom_SDE_ORAR1213_Adaptor,EXPTRANS,TRANSFORMATION,JEG_SDE_POL_ProjectReviewSubmittedDimensionStage,BIINFAPROD_FLEX,NO,EXPTRANS,Expression
JEG_SDE_POL_ProjectReviewSubmittedDimensionStage.XML,Custom_SDE_ORAR1213_Adaptor,ProjectReview_Submitted,SOURCE,JEG_SDE_POL_ProjectReviewSubmittedDimensionStage,BIINFAPROD_FLEX,,ProjectReview_Submitted,Source Definition
JEG_SIL_IPCS_BITimephaseDataBudgetFact.XML,Custom_SILOS_PA,WC_BI_TIMEPHASEDATA_BUDGET_F,TARGET,JEG_SIL_IPCS_BItimePhaseDataBudgetFact,BIINFAPROD_FLEX,,WC_BI_TIMEPHASEDATA_BUDGET_F,Target Definition
JEG_SIL_IPCS_BITimephaseDataBudgetFact.XML,Custom_SILOS_PA,UPDTRANS,TRANSFORMATION,JEG_SIL_IPCS_BItimePhaseDataBudgetFact,BIINFAPROD_FLEX,NO,UPDTRANS,Update Strategy
JEG_SIL_IPCS_BITimephaseDataBudgetFact.XML,Custom_SILOS_PA,EXPTRAN,TRANSFORMATION,JEG_SIL_IPCS_BItimePhaseDataBudgetFact,BIINFAPROD_FLEX,NO,EXPTRAN,Expression
JEG_SIL_IPCS_BITimephaseDataBudgetFact.XML,Custom_SILOS_PA,FILTRANS,TRANSFORMATION,JEG_SIL_IPCS_BItimePhaseDataBudgetFact,BIINFAPROD_FLEX,NO,FILTRANS,Filter
JEG_SIL_IPCS_BITimephaseDataBudgetFact.XML,Custom_SILOS_PA,EXPTRANS1,TRANSFORMATION,JEG_SIL_IPCS_BItimePhaseDataBudgetFact,BIINFAPROD_FLEX,NO,EXPTRANS1,Expression
JEG_SIL_IPCS_BITimephaseDataBudgetFact.XML,Custom_SILOS_PA,SQ_WC_BI_TIMEPHASEDATA_BUDGET_FS,TRANSFORMATION,JEG_SIL_IPCS_BItimePhaseDataBudgetFact,BIINFAPROD_FLEX,NO,SQ_WC_BI_TIMEPHASEDATA_BUDGET_FS,Source Qualifier
JEG_SIL_IPCS_BITimephaseDataBudgetFact.XML,Custom_SILOS_PA,LKPTRANS,TRANSFORMATION,JEG_SIL_IPCS_BItimePhaseDataBudgetFact,BIINFAPROD_FLEX,NO,LKPTRANS,Lookup Procedure
JEG_SIL_IPCS_BITimephaseDataBudgetFact.XML,Custom_SILOS_PA,WC_BI_TIMEPHASEDATA_BUDGET_FS,SOURCE,JEG_SIL_IPCS_BItimePhaseDataBudgetFact,BIINFAPROD_FLEX,,WC_BI_TIMEPHASEDATA_BUDGET_FS,Source Definition
JEG_SIL_IPCS_BITimephaseDataBudgetFact.XML,Custom_SILOS_PA,MPLT_GET_ETL_PROC_WID,MAPPLET,JEG_SIL_IPCS_BItimePhaseDataBudgetFact,BIINFAPROD_FLEX,YES,MPLT_GET_ETL_PROC_WID,Mapplet
JEG_SIL_IPCS_BITimephaseDataBudgetFact.XML,Custom_SILOS_PA,MPLT_CURCY_CONVERSION_RATES_ToGlobalCurrenciesOnly,MAPPLET,JEG_SIL_IPCS_BItimePhaseDataBudgetFact,BIINFAPROD_FLEX,YES,MPLT_CURCY_CONVERSION_RATES_ToGlobalCurrenciesOnly,Mapplet
JEG_SIL_WC_PBCS_BUDGET_ACTUALS_F.XML,Custom_SILOS_PBCS,WC_PBCS_BUDGET_ACTUALS_F,TARGET,JEG_SIL_WC_PBCS_BUDGET_ACTUALS_F,BIINFAPROD_FLEX,,WC_PBCS_BUDGET_ACTUALS_F,Target Definition
JEG_SIL_WC_PBCS_BUDGET_ACTUALS_F.XML,Custom_SILOS_PBCS,SQ_WC_PBCS_BUDGET_ACTUALS_FS,TRANSFORMATION,JEG_SIL_WC_PBCS_BUDGET_ACTUALS_F,BIINFAPROD_FLEX,NO,SQ_WC_PBCS_BUDGET_ACTUALS_FS,Source Qualifier
JEG_SIL_WC_PBCS_BUDGET_ACTUALS_F.XML,Custom_SILOS_PBCS,EXPTRANS,TRANSFORMATION,JEG_SIL_WC_PBCS_BUDGET_ACTUALS_F,BIINFAPROD_FLEX,NO,EXPTRANS,Expression
JEG_SIL_WC_PBCS_BUDGET_ACTUALS_F.XML,Custom_SILOS_PBCS,WC_PBCS_BUDGET_ACTUALS_FS,SOURCE,JEG_SIL_WC_PBCS_BUDGET_ACTUALS_F,BIINFAPROD_FLEX,,WC_PBCS_BUDGET_ACTUALS_FS,Source Definition
JEG_SIL_WC_PBCS_BUDGET_ACTUALS_F.XML,Custom_SILOS_PBCS,WC_ACCOUNT_DH,SOURCE,JEG_SIL_WC_PBCS_BUDGET_ACTUALS_F,BIINFAPROD_FLEX,,WC_ACCOUNT_DH,Source Definition
SDE_EmployeeHeadCount.XML,Custom_SDE,WC_WRKFC_HEADCNT_FS,TARGET,SDE_EmployeeHeadCount2,BIINFAPROD_FLEX,,WC_WRKFC_HEADCNT_FS,Target Definition
SDE_EmployeeHeadCount.XML,Custom_SDE,SQ_W_DAY_D,TRANSFORMATION,SDE_EmployeeHeadCount2,BIINFAPROD_FLEX,NO,SQ_W_DAY_D,Source Qualifier
SDE_EmployeeHeadCount.XML,Custom_SDE,CHANGE_AMNT_ACTIVE,TRANSFORMATION,SDE_EmployeeHeadCount2,BIINFAPROD_FLEX,NO,CHANGE_AMNT_ACTIVE,Expression
SDE_EmployeeHeadCount.XML,Custom_SDE,LKP_ACTIVE_PAAF,TRANSFORMATION,SDE_EmployeeHeadCount2,BIINFAPROD_FLEX,NO,LKP_ACTIVE_PAAF,Lookup Procedure
SDE_EmployeeHeadCount.XML,Custom_SDE,LKP_SUPERVISOR_BUSINESS,TRANSFORMATION,SDE_EmployeeHeadCount2,BIINFAPROD_FLEX,NO,LKP_SUPERVISOR_BUSINESS,Lookup Procedure
SDE_EmployeeHeadCount.XML,Custom_SDE,LKP_SUPERVISOR_BUSINESS_ORG,TRANSFORMATION,SDE_EmployeeHeadCount2,BIINFAPROD_FLEX,NO,LKP_SUPERVISOR_BUSINESS_ORG,Lookup Procedure
SDE_EmployeeHeadCount.XML,Custom_SDE,LKP_GRE_ID,TRANSFORMATION,SDE_EmployeeHeadCount2,BIINFAPROD_FLEX,NO,LKP_GRE_ID,Lookup Procedure
SDE_EmployeeHeadCount.XML,Custom_SDE,LKP_PER_PERFORMANCE_REVEIW_WS,TRANSFORMATION,SDE_EmployeeHeadCount2,BIINFAPROD_FLEX,NO,LKP_PER_PERFORMANCE_REVEIW_WS,Lookup Procedure
SDE_EmployeeHeadCount.XML,Custom_SDE,PERFROMANCE_RATING,TRANSFORMATION,SDE_EmployeeHeadCount2,BIINFAPROD_FLEX,NO,PERFROMANCE_RATING,Lookup Procedure
SDE_EmployeeHeadCount.XML,Custom_SDE,Lookup_perf,TRANSFORMATION,SDE_EmployeeHeadCount2,BIINFAPROD_FLEX,NO,Lookup_perf,Lookup Procedure
SDE_EmployeeHeadCount.XML,Custom_SDE,LKP_ECRFLAG,TRANSFORMATION,SDE_EmployeeHeadCount2,BIINFAPROD_FLEX,NO,LKP_ECRFLAG,Lookup Procedure
SDE_EmployeeHeadCount.XML,Custom_SDE,Exp_Salary,TRANSFORMATION,SDE_EmployeeHeadCount2,BIINFAPROD_FLEX,NO,Exp_Salary,Expression
SDE_EmployeeHeadCount.XML,Custom_SDE,LKP_currency_code,TRANSFORMATION,SDE_EmployeeHeadCount2,BIINFAPROD_FLEX,NO,LKP_currency_code,Lookup Procedure
SDE_EmployeeHeadCount.XML,Custom_SDE,ORG_ENTRY_DT,TRANSFORMATION,SDE_EmployeeHeadCount2,BIINFAPROD_FLEX,NO,ORG_ENTRY_DT,Lookup Procedure
SDE_EmployeeHeadCount.XML,Custom_SDE,JOB_ENTRY_DT,TRANSFORMATION,SDE_EmployeeHeadCount2,BIINFAPROD_FLEX,NO,JOB_ENTRY_DT,Lookup Procedure
SDE_EmployeeHeadCount.XML,Custom_SDE,Change_Amnt,TRANSFORMATION,SDE_EmployeeHeadCount2,BIINFAPROD_FLEX,NO,Change_Amnt,Lookup Procedure
SDE_EmployeeHeadCount.XML,Custom_SDE,GRD_ENTRY_DATE,TRANSFORMATION,SDE_EmployeeHeadCount2,BIINFAPROD_FLEX,NO,GRD_ENTRY_DATE,Lookup Procedure
SDE_EmployeeHeadCount.XML,Custom_SDE,WC_MNMGNT_INCENTIVES_D,TRANSFORMATION,SDE_EmployeeHeadCount2,BIINFAPROD_FLEX,NO,WC_MNMGNT_INCENTIVES_D,Lookup Procedure
SDE_EmployeeHeadCount.XML,Custom_SDE,EXPTRANS,TRANSFORMATION,SDE_EmployeeHeadCount2,BIINFAPROD_FLEX,NO,EXPTRANS,Expression
SDE_EmployeeHeadCount.XML,Custom_SDE,SQL,TRANSFORMATION,SDE_EmployeeHeadCount2,BIINFAPROD_FLEX,NO,SQL,Custom Transformation
SDE_EmployeeHeadCount.XML,Custom_SDE,ADJ_SVC_DATE,TRANSFORMATION,SDE_EmployeeHeadCount2,BIINFAPROD_FLEX,NO,ADJ_SVC_DATE,Lookup Procedure
SDE_EmployeeHeadCount.XML,Custom_SDE,W_DAY_D,SOURCE,SDE_EmployeeHeadCount2,BIINFAPROD_FLEX,,W_DAY_D,Source Definition
SDE_EmployeeHeadCount.XML,Custom_SDE,MPLT_CURCY_CONVERSION_RATES_ToGlobalCurrenciesOnly1,MAPPLET,SDE_EmployeeHeadCount2,BIINFAPROD_FLEX,YES,MPLT_CURCY_CONVERSION_RATES_ToGlobalCurrenciesOnly,Mapplet
SDE_EmployeeHeadCount.XML,Custom_SDE,W_DUAL_D,TARGET,JEG_SDE_ORA_TRUNCATE_DIM,BIINFAPROD_FLEX,,W_DUAL_D,Target Definition
SDE_EmployeeHeadCount.XML,Custom_SDE,AP_INVOICES_ALL,SOURCE,JEG_SDE_ORA_TRUNCATE_DIM,BIINFAPROD_FLEX,,AP_INVOICES_ALL,Source Definition
SDE_EmployeeHeadCount.XML,Custom_SDE,SQ_AP_INVOICES_ALL,TRANSFORMATION,JEG_SDE_ORA_TRUNCATE_DIM,BIINFAPROD_FLEX,NO,SQ_AP_INVOICES_ALL,Source Qualifier
SDE_EmployeeHeadCount.XML,Custom_SDE,WC_WRKFC_HEADCNT_FS_terminated,TARGET,SDE_EmployeeHeadCount1,BIINFAPROD_FLEX,,WC_WRKFC_HEADCNT_FS,Target Definition
SDE_EmployeeHeadCount.XML,Custom_SDE,SQ_W_DAY_D1,TRANSFORMATION,SDE_EmployeeHeadCount1,BIINFAPROD_FLEX,NO,SQ_W_DAY_D1,Source Qualifier
SDE_EmployeeHeadCount.XML,Custom_SDE,Lookup_perf1,TRANSFORMATION,SDE_EmployeeHeadCount1,BIINFAPROD_FLEX,NO,Lookup_perf1,Lookup Procedure
SDE_EmployeeHeadCount.XML,Custom_SDE,LKP_SUPERVISOR_BUSINESS_ORG,TRANSFORMATION,SDE_EmployeeHeadCount1,BIINFAPROD_FLEX,NO,LKP_SUPERVISOR_BUSINESS_ORG,Lookup Procedure
SDE_EmployeeHeadCount.XML,Custom_SDE,LKP_GRE_ID,TRANSFORMATION,SDE_EmployeeHeadCount1,BIINFAPROD_FLEX,NO,LKP_GRE_ID,Lookup Procedure
SDE_EmployeeHeadCount.XML,Custom_SDE,LKP_PER_PERIODS_OF_SERVICE,TRANSFORMATION,SDE_EmployeeHeadCount1,BIINFAPROD_FLEX,NO,LKP_PER_PERIODS_OF_SERVICE,Lookup Procedure
SDE_EmployeeHeadCount.XML,Custom_SDE,LKP_PAY_GRADE_RULES_F,TRANSFORMATION,SDE_EmployeeHeadCount1,BIINFAPROD_FLEX,NO,LKP_PAY_GRADE_RULES_F,Lookup Procedure
SDE_EmployeeHeadCount.XML,Custom_SDE,EXPTRANS1,TRANSFORMATION,SDE_EmployeeHeadCount1,BIINFAPROD_FLEX,NO,EXPTRANS1,Expression
SDE_EmployeeHeadCount.XML,Custom_SDE,LKP_PER_PERFORMANCE_REVEIW_WS1,TRANSFORMATION,SDE_EmployeeHeadCount1,BIINFAPROD_FLEX,NO,LKP_PER_PERFORMANCE_REVEIW_WS1,Lookup Procedure
SDE_EmployeeHeadCount.XML,Custom_SDE,Change_Amnt,TRANSFORMATION,SDE_EmployeeHeadCount1,BIINFAPROD_FLEX,NO,Change_Amnt,Lookup Procedure
SDE_EmployeeHeadCount.XML,Custom_SDE,LKP_currency_code,TRANSFORMATION,SDE_EmployeeHeadCount1,BIINFAPROD_FLEX,NO,LKP_currency_code,Lookup Procedure
SDE_EmployeeHeadCount.XML,Custom_SDE,ORG_ENTRY_DT,TRANSFORMATION,SDE_EmployeeHeadCount1,BIINFAPROD_FLEX,NO,ORG_ENTRY_DT,Lookup Procedure
SDE_EmployeeHeadCount.XML,Custom_SDE,JOB_ENTRY_DT,TRANSFORMATION,SDE_EmployeeHeadCount1,BIINFAPROD_FLEX,NO,JOB_ENTRY_DT,Lookup Procedure
SDE_EmployeeHeadCount.XML,Custom_SDE,PERFROMANCE_RATING1,TRANSFORMATION,SDE_EmployeeHeadCount1,BIINFAPROD_FLEX,NO,PERFROMANCE_RATING1,Lookup Procedure
SDE_EmployeeHeadCount.XML,Custom_SDE,GRD_ENTRY_DATE,TRANSFORMATION,SDE_EmployeeHeadCount1,BIINFAPROD_FLEX,NO,GRD_ENTRY_DATE,Lookup Procedure
SDE_EmployeeHeadCount.XML,Custom_SDE,WC_MNMGNT_INCENTIVES_D,TRANSFORMATION,SDE_EmployeeHeadCount1,BIINFAPROD_FLEX,NO,WC_MNMGNT_INCENTIVES_D,Lookup Procedure
SDE_EmployeeHeadCount.XML,Custom_SDE,Exp_Salary1,TRANSFORMATION,SDE_EmployeeHeadCount1,BIINFAPROD_FLEX,NO,Exp_Salary1,Expression
SDE_EmployeeHeadCount.XML,Custom_SDE,ADJ_SVC_DATE,TRANSFORMATION,SDE_EmployeeHeadCount1,BIINFAPROD_FLEX,NO,ADJ_SVC_DATE,Lookup Procedure
SDE_EmployeeHeadCount.XML,Custom_SDE,Change_Amount,TRANSFORMATION,SDE_EmployeeHeadCount1,BIINFAPROD_FLEX,NO,Change_Amount,Expression
SDE_EmployeeHeadCount.XML,Custom_SDE,LKP_ECRFLAG1,TRANSFORMATION,SDE_EmployeeHeadCount1,BIINFAPROD_FLEX,NO,LKP_ECRFLAG1,Lookup Procedure
SDE_EmployeeHeadCount.XML,Custom_SDE,LKP_TERM_PAAF,TRANSFORMATION,SDE_EmployeeHeadCount1,BIINFAPROD_FLEX,NO,LKP_TERM_PAAF,Lookup Procedure
SDE_EmployeeHeadCount.XML,Custom_SDE,LKP_SUPERVISOR_BUSINESS,TRANSFORMATION,SDE_EmployeeHeadCount1,BIINFAPROD_FLEX,NO,LKP_SUPERVISOR_BUSINESS,Lookup Procedure
SDE_EmployeeHeadCount.XML,Custom_SDE,W_DAY_D1,SOURCE,SDE_EmployeeHeadCount1,BIINFAPROD_FLEX,,W_DAY_D,Source Definition
SDE_EmployeeHeadCount.XML,Custom_SDE,MPLT_CURCY_CONVERSION_RATES_ToGlobalCurrenciesOnly,MAPPLET,SDE_EmployeeHeadCount1,BIINFAPROD_FLEX,YES,MPLT_CURCY_CONVERSION_RATES_ToGlobalCurrenciesOnly,Mapplet
SDE_EmployeeHeadCount.XML,Custom_SDE,LKP_TERM_PayBasis,TRANSFORMATION,SDE_EmployeeHeadCount1,BIINFAPROD_FLEX,NO,LKP_TERM_PayBasis,Lookup Procedure
SDE_ORA_EmployeeDimension.XML,Custom_SDE,W_EMPLOYEE_DS,TARGET,SDE_ORA_EmployeeDimension,BIINFAPROD_FLEX,,W_EMPLOYEE_DS,Target Definition
SDE_ORA_EmployeeDimension.XML,Custom_SDE,X_CUSTOM,TRANSFORMATION,SDE_ORA_EmployeeDimension,BIINFAPROD_FLEX,NO,X_CUSTOM,Expression
SDE_ORA_EmployeeDimension.XML,Custom_SDE,Exp_W_EMPLOYEE_DS_Integration_Id,TRANSFORMATION,SDE_ORA_EmployeeDimension,BIINFAPROD_FLEX,NO,Exp_W_EMPLOYEE_DS_Integration_Id,Expression
SDE_ORA_EmployeeDimension.XML,Custom_SDE,mplt_BC_ORA_EmployeeDimension,MAPPLET,SDE_ORA_EmployeeDimension,BIINFAPROD_FLEX,YES,mplt_BC_ORA_EmployeeDimension,Mapplet
SDE_ORA_EmployeeDimension.XML,Custom_SDE,mplt_SA_ORA_EmployeeDimension,MAPPLET,SDE_ORA_EmployeeDimension,BIINFAPROD_FLEX,YES,mplt_SA_ORA_EmployeeDimension,Mapplet
SDE_ORA_EmployeeDimension.XML,Custom_SDE,mplt_Employee_Ins_Rej,MAPPLET,SDE_ORA_EmployeeDimension,BIINFAPROD_FLEX,YES,MPLT_EMPLOYEE_INS_REJ,Mapplet
SDE_ORA_ProjectCostLine.XML,Custom_SDE_ORAR1213_Adaptor,W_PROJ_COST_LINE_FS,TARGET,JEG_SDE_ORA_ProjectCostLineFact_Elim,BIINFAPROD_FLEX,,W_PROJ_COST_LINE_FS,Target Definition
SDE_ORA_ProjectCostLine.XML,Custom_SDE_ORAR1213_Adaptor,mplt_SA_ORA_ProjectCostLine,MAPPLET,JEG_SDE_ORA_ProjectCostLineFact_Elim,BIINFAPROD_FLEX,YES,mplt_SA_ORA_ProjectCostLine,Mapplet
SDE_ORA_ProjectCostLine.XML,Custom_SDE_ORAR1213_Adaptor,mplt_BC_ORA_ProjectCostLine_Elim,MAPPLET,JEG_SDE_ORA_ProjectCostLineFact_Elim,BIINFAPROD_FLEX,YES,JEG_mplt_BC_ORA_ProjectCostLine_Elim,Mapplet
SDE_ORA_ProjectCostLine.XML,Custom_SDE_ORAR1213_Adaptor,EXP_X_CUSTOM,TRANSFORMATION,JEG_SDE_ORA_ProjectCostLineFact_Elim,BIINFAPROD_FLEX,NO,EXP_X_CUSTOM,Expression
SDE_ORA_ProjectCostLine.XML,Custom_SDE_ORAR1213_Adaptor,Exp_W_PROJ_COST_LINE_FS_Integration_id,TRANSFORMATION,JEG_SDE_ORA_ProjectCostLineFact_Elim,BIINFAPROD_FLEX,NO,Exp_W_PROJ_COST_LINE_FS_Integration_id,Expression
SDE_ORA_ProjectCostLine.XML,Custom_SDE_ORAR1213_Adaptor,W_DUAL_D,TARGET,JEG_SDE_ORA_TRUNCATE_DIM,BIINFAPROD_FLEX,,W_DUAL_D,Target Definition
SDE_ORA_ProjectCostLine.XML,Custom_SDE_ORAR1213_Adaptor,AP_INVOICES_ALL,SOURCE,JEG_SDE_ORA_TRUNCATE_DIM,BIINFAPROD_FLEX,,AP_INVOICES_ALL,Source Definition
SDE_ORA_ProjectCostLine.XML,Custom_SDE_ORAR1213_Adaptor,SQ_AP_INVOICES_ALL,TRANSFORMATION,JEG_SDE_ORA_TRUNCATE_DIM,BIINFAPROD_FLEX,NO,SQ_AP_INVOICES_ALL,Source Qualifier
SDE_ORA_ProjectCostLine.XML,Custom_SDE_ORAR1213_Adaptor,W_PROJ_COST_LINE_FS,TARGET,SDE_ORA_ProjectCostLineFact,BIINFAPROD_FLEX,,W_PROJ_COST_LINE_FS,Target Definition
SDE_ORA_ProjectCostLine.XML,Custom_SDE_ORAR1213_Adaptor,Exp_W_PROJ_COST_LINE_FS_Integration_id,TRANSFORMATION,SDE_ORA_ProjectCostLineFact,BIINFAPROD_FLEX,NO,Exp_W_PROJ_COST_LINE_FS_Integration_id,Expression
SDE_ORA_ProjectCostLine.XML,Custom_SDE_ORAR1213_Adaptor,EXP_X_CUSTOM,TRANSFORMATION,SDE_ORA_ProjectCostLineFact,BIINFAPROD_FLEX,NO,EXP_X_CUSTOM,Expression
SDE_ORA_ProjectCostLine.XML,Custom_SDE_ORAR1213_Adaptor,mplt_SA_ORA_ProjectCostLine,MAPPLET,SDE_ORA_ProjectCostLineFact,BIINFAPROD_FLEX,YES,mplt_SA_ORA_ProjectCostLine,Mapplet
SDE_ORA_ProjectCostLine.XML,Custom_SDE_ORAR1213_Adaptor,mplt_BC_ORA_ProjectCostLine,MAPPLET,SDE_ORA_ProjectCostLineFact,BIINFAPROD_FLEX,YES,mplt_BC_ORA_ProjectCostLine,Mapplet
SDE_ORA_ProjectCostLine.XML,Custom_SDE_ORAR1213_Adaptor,W_PROJ_COST_LINE_FS,TARGET,JEG_SDE_ORA_ProjectCostLineFact_NL,BIINFAPROD_FLEX,,W_PROJ_COST_LINE_FS,Target Definition
SDE_ORA_ProjectCostLine.XML,Custom_SDE_ORAR1213_Adaptor,Exp_W_PROJ_COST_LINE_FS_Integration_id,TRANSFORMATION,JEG_SDE_ORA_ProjectCostLineFact_NL,BIINFAPROD_FLEX,NO,Exp_W_PROJ_COST_LINE_FS_Integration_id,Expression
SDE_ORA_ProjectCostLine.XML,Custom_SDE_ORAR1213_Adaptor,EXP_X_CUSTOM,TRANSFORMATION,JEG_SDE_ORA_ProjectCostLineFact_NL,BIINFAPROD_FLEX,NO,EXP_X_CUSTOM,Expression
SDE_ORA_ProjectCostLine.XML,Custom_SDE_ORAR1213_Adaptor,JEG_mplt_BC_ORA_ProjectCostLine_NL,MAPPLET,JEG_SDE_ORA_ProjectCostLineFact_NL,BIINFAPROD_FLEX,YES,JEG_mplt_BC_ORA_ProjectCostLine_NL,Mapplet
SDE_ORA_ProjectCostLine.XML,Custom_SDE_ORAR1213_Adaptor,mplt_SA_ORA_ProjectCostLine,MAPPLET,JEG_SDE_ORA_ProjectCostLineFact_NL,BIINFAPROD_FLEX,YES,mplt_SA_ORA_ProjectCostLine,Mapplet
SDE_ORA_ProjectCostLine.XML,Custom_SDE_ORAR1213_Adaptor,W_PROJ_COST_LINE_FS,TARGET,JEG_SDE_ORA_ProjectCostLineFact_IC_HUB,BIINFAPROD_FLEX,,W_PROJ_COST_LINE_FS,Target Definition
SDE_ORA_ProjectCostLine.XML,Custom_SDE_ORAR1213_Adaptor,Exp_W_PROJ_COST_LINE_FS_Integration_id,TRANSFORMATION,JEG_SDE_ORA_ProjectCostLineFact_IC_HUB,BIINFAPROD_FLEX,NO,Exp_W_PROJ_COST_LINE_FS_Integration_id,Expression
SDE_ORA_ProjectCostLine.XML,Custom_SDE_ORAR1213_Adaptor,EXP_X_CUSTOM,TRANSFORMATION,JEG_SDE_ORA_ProjectCostLineFact_IC_HUB,BIINFAPROD_FLEX,NO,EXP_X_CUSTOM,Expression
SDE_ORA_ProjectCostLine.XML,Custom_SDE_ORAR1213_Adaptor,mplt_SA_ORA_ProjectCostLine,MAPPLET,JEG_SDE_ORA_ProjectCostLineFact_IC_HUB,BIINFAPROD_FLEX,YES,mplt_SA_ORA_ProjectCostLine,Mapplet
SDE_ORA_ProjectCostLine.XML,Custom_SDE_ORAR1213_Adaptor,JEG_mplt_BC_ORA_ProjectCostLine_IC,MAPPLET,JEG_SDE_ORA_ProjectCostLineFact_IC_HUB,BIINFAPROD_FLEX,YES,JEG_mplt_BC_ORA_ProjectCostLine_IC,Mapplet
SDE_ORA_ProjectCostLine.XML,Custom_SDE_ORAR1213_Adaptor,W_PROJ_COST_LINE_FS,TARGET,JEG_SDE_ORA_ProjectCostLineFact_Elim_Hub,BIINFAPROD_FLEX,,W_PROJ_COST_LINE_FS,Target Definition
SDE_ORA_ProjectCostLine.XML,Custom_SDE_ORAR1213_Adaptor,mplt_SA_ORA_ProjectCostLine,MAPPLET,JEG_SDE_ORA_ProjectCostLineFact_Elim_Hub,BIINFAPROD_FLEX,YES,mplt_SA_ORA_ProjectCostLine,Mapplet
SDE_ORA_ProjectCostLine.XML,Custom_SDE_ORAR1213_Adaptor,mplt_BC_ORA_ProjectCostLine_Elim,MAPPLET,JEG_SDE_ORA_ProjectCostLineFact_Elim_Hub,BIINFAPROD_FLEX,YES,JEG_mplt_BC_ORA_ProjectCostLine_Elim,Mapplet
SDE_ORA_ProjectCostLine.XML,Custom_SDE_ORAR1213_Adaptor,EXP_X_CUSTOM,TRANSFORMATION,JEG_SDE_ORA_ProjectCostLineFact_Elim_Hub,BIINFAPROD_FLEX,NO,EXP_X_CUSTOM,Expression
SDE_ORA_ProjectCostLine.XML,Custom_SDE_ORAR1213_Adaptor,Exp_W_PROJ_COST_LINE_FS_Integration_id,TRANSFORMATION,JEG_SDE_ORA_ProjectCostLineFact_Elim_Hub,BIINFAPROD_FLEX,NO,Exp_W_PROJ_COST_LINE_FS_Integration_id,Expression
SDE_ORA_ProjectCostLine.XML,Custom_SDE_ORAR1213_Adaptor,W_PROJ_COST_LINE_FS,TARGET,JEG_SDE_ORA_ProjectCostLineFact_IC,BIINFAPROD_FLEX,,W_PROJ_COST_LINE_FS,Target Definition
SDE_ORA_ProjectCostLine.XML,Custom_SDE_ORAR1213_Adaptor,Exp_W_PROJ_COST_LINE_FS_Integration_id,TRANSFORMATION,JEG_SDE_ORA_ProjectCostLineFact_IC,BIINFAPROD_FLEX,NO,Exp_W_PROJ_COST_LINE_FS_Integration_id,Expression
SDE_ORA_ProjectCostLine.XML,Custom_SDE_ORAR1213_Adaptor,EXP_X_CUSTOM,TRANSFORMATION,JEG_SDE_ORA_ProjectCostLineFact_IC,BIINFAPROD_FLEX,NO,EXP_X_CUSTOM,Expression
SDE_ORA_ProjectCostLine.XML,Custom_SDE_ORAR1213_Adaptor,mplt_SA_ORA_ProjectCostLine,MAPPLET,JEG_SDE_ORA_ProjectCostLineFact_IC,BIINFAPROD_FLEX,YES,mplt_SA_ORA_ProjectCostLine,Mapplet
SDE_ORA_ProjectCostLine.XML,Custom_SDE_ORAR1213_Adaptor,JEG_mplt_BC_ORA_ProjectCostLine_IC,MAPPLET,JEG_SDE_ORA_ProjectCostLineFact_IC,BIINFAPROD_FLEX,YES,JEG_mplt_BC_ORA_ProjectCostLine_IC,Mapplet
SDE_ORA_ProjectCostLine.XML,Custom_SDE_ORAR1213_Adaptor,W_PROJ_COST_LINE_FS,TARGET,SDE_ORA_ProjectCostLineFact_PCC,BIINFAPROD_FLEX,,W_PROJ_COST_LINE_FS,Target Definition
SDE_ORA_ProjectCostLine.XML,Custom_SDE_ORAR1213_Adaptor,Exp_W_PROJ_COST_LINE_FS_Integration_id,TRANSFORMATION,SDE_ORA_ProjectCostLineFact_PCC,BIINFAPROD_FLEX,NO,Exp_W_PROJ_COST_LINE_FS_Integration_id,Expression
SDE_ORA_ProjectCostLine.XML,Custom_SDE_ORAR1213_Adaptor,EXP_X_CUSTOM,TRANSFORMATION,SDE_ORA_ProjectCostLineFact_PCC,BIINFAPROD_FLEX,NO,EXP_X_CUSTOM,Expression
SDE_ORA_ProjectCostLine.XML,Custom_SDE_ORAR1213_Adaptor,mplt_SA_ORA_ProjectCostLine,MAPPLET,SDE_ORA_ProjectCostLineFact_PCC,BIINFAPROD_FLEX,YES,mplt_SA_ORA_ProjectCostLine,Mapplet
SDE_ORA_ProjectCostLine.XML,Custom_SDE_ORAR1213_Adaptor,mplt_BC_ORA_ProjectCostLine,MAPPLET,SDE_ORA_ProjectCostLineFact_PCC,BIINFAPROD_FLEX,YES,mplt_BC_ORA_ProjectCostLine,Mapplet
SIL_EmployeeDimension.XML,Custom_SIL,W_EMPLOYEE_D,TARGET,SIL_EmployeeDimension,BIINFAPROD_FLEX,,W_EMPLOYEE_D,Target Definition
SIL_EmployeeDimension.XML,Custom_SIL,DEPARTMENT_CODE,SOURCE,SIL_EmployeeDimension,BIINFAPROD_FLEX,,W_CODE_D,Source Definition
SIL_EmployeeDimension.XML,Custom_SIL,MAIL_STATE_CODE,SOURCE,SIL_EmployeeDimension,BIINFAPROD_FLEX,,W_CODE_D,Source Definition
SIL_EmployeeDimension.XML,Custom_SIL,RELIGION_CODE,SOURCE,SIL_EmployeeDimension,BIINFAPROD_FLEX,,W_CODE_D,Source Definition
SIL_EmployeeDimension.XML,Custom_SIL,MARITAL_STAT_CODE,SOURCE,SIL_EmployeeDimension,BIINFAPROD_FLEX,,W_CODE_D,Source Definition
SIL_EmployeeDimension.XML,Custom_SIL,Upd_W_EMPLOYEE_D_Ins_Upd,TRANSFORMATION,SIL_EmployeeDimension,BIINFAPROD_FLEX,NO,Upd_W_EMPLOYEE_D_Ins_Upd,Update Strategy
SIL_EmployeeDimension.XML,Custom_SIL,Fil_W_EMPLOYEE_D,TRANSFORMATION,SIL_EmployeeDimension,BIINFAPROD_FLEX,NO,Fil_W_EMPLOYEE_D,Filter
SIL_EmployeeDimension.XML,Custom_SIL,Sq_W_EMPLOYEE_DS,TRANSFORMATION,SIL_EmployeeDimension,BIINFAPROD_FLEX,NO,Sq_W_EMPLOYEE_DS,Source Qualifier
SIL_EmployeeDimension.XML,Custom_SIL,Exp_Custom,TRANSFORMATION,SIL_EmployeeDimension,BIINFAPROD_FLEX,NO,Exp_Custom,Expression
SIL_EmployeeDimension.XML,Custom_SIL,Lkp_W_EMPLOYEE_D,TRANSFORMATION,SIL_EmployeeDimension,BIINFAPROD_FLEX,NO,Lkp_W_EMPLOYEE_D,Lookup Procedure
SIL_EmployeeDimension.XML,Custom_SIL,Exp_W_EMPLOYEE_D_Update_Flg,TRANSFORMATION,SIL_EmployeeDimension,BIINFAPROD_FLEX,NO,Exp_W_EMPLOYEE_D_Update_Flg,Expression
SIL_EmployeeDimension.XML,Custom_SIL,THR_FLU_LANG_CODE,SOURCE,SIL_EmployeeDimension,BIINFAPROD_FLEX,,W_CODE_D,Source Definition
SIL_EmployeeDimension.XML,Custom_SIL,APPR_AUTH_CAT_CODE,SOURCE,SIL_EmployeeDimension,BIINFAPROD_FLEX,,W_CODE_D,Source Definition
SIL_EmployeeDimension.XML,Custom_SIL,SEC_FLU_LANG_CODE,SOURCE,SIL_EmployeeDimension,BIINFAPROD_FLEX,,W_CODE_D,Source Definition
SIL_EmployeeDimension.XML,Custom_SIL,EDUCATION_BCKGND_CODE,SOURCE,SIL_EmployeeDimension,BIINFAPROD_FLEX,,W_CODE_D,Source Definition
SIL_EmployeeDimension.XML,Custom_SIL,CITIZENSHIP_STATUS_CODE,SOURCE,SIL_EmployeeDimension,BIINFAPROD_FLEX,,W_CODE_D,Source Definition
SIL_EmployeeDimension.XML,Custom_SIL,DISABILITY_CODE,SOURCE,SIL_EmployeeDimension,BIINFAPROD_FLEX,,W_CODE_D,Source Definition
SIL_EmployeeDimension.XML,Custom_SIL,WRK_PERM_TYPE_CODE,SOURCE,SIL_EmployeeDimension,BIINFAPROD_FLEX,,W_CODE_D,Source Definition
SIL_EmployeeDimension.XML,Custom_SIL,WORK_COUNTRY_CODE,SOURCE,SIL_EmployeeDimension,BIINFAPROD_FLEX,,W_CODE_D,Source Definition
SIL_EmployeeDimension.XML,Custom_SIL,WORK_STATE_CODE,SOURCE,SIL_EmployeeDimension,BIINFAPROD_FLEX,,W_CODE_D,Source Definition
SIL_EmployeeDimension.XML,Custom_SIL,HIEST_EDU_DEG_CODE,SOURCE,SIL_EmployeeDimension,BIINFAPROD_FLEX,,W_CODE_D,Source Definition
SIL_EmployeeDimension.XML,Custom_SIL,W_EMPLOYEE_DS,SOURCE,SIL_EmployeeDimension,BIINFAPROD_FLEX,,W_EMPLOYEE_DS,Source Definition
SIL_EmployeeDimension.XML,Custom_SIL,MPLT_GET_ETL_PROC_WID,MAPPLET,SIL_EmployeeDimension,BIINFAPROD_FLEX,YES,MPLT_GET_ETL_PROC_WID,Mapplet
SIL_EmployeeDimension.XML,Custom_SIL,mplt_SIL_EmployeeDimension_CodeLookup,MAPPLET,SIL_EmployeeDimension,BIINFAPROD_FLEX,YES,mplt_SIL_EmployeeDimension_CodeLookup,Mapplet
SIL_EmployeeDimension.XML,Custom_SIL,NATIVE_LANG_CODE,SOURCE,SIL_EmployeeDimension,BIINFAPROD_FLEX,,W_CODE_D,Source Definition
SIL_EmployeeDimension.XML,Custom_SIL,COUNTRY_CODE,SOURCE,SIL_EmployeeDimension,BIINFAPROD_FLEX,,W_CODE_D,Source Definition
SIL_EmployeeDimension.XML,Custom_SIL,NATNL_ID_TYPE_CODE,SOURCE,SIL_EmployeeDimension,BIINFAPROD_FLEX,,W_CODE_D,Source Definition
SIL_EmployeeDimension.XML,Custom_SIL,MAIL_COUNTRY_CODE,SOURCE,SIL_EmployeeDimension,BIINFAPROD_FLEX,,W_CODE_D,Source Definition
SIL_EmployeeDimension.XML,Custom_SIL,mplt_SIL_EmployeeDimension,MAPPLET,SIL_EmployeeDimension,BIINFAPROD_FLEX,YES,mplt_SIL_EmployeeDimension,Mapplet
SIL_EmployeeDimension.XML,Custom_SIL,POSITION_TYPE_CODE,SOURCE,SIL_EmployeeDimension,BIINFAPROD_FLEX,,W_CODE_D,Source Definition
SIL_EmployeeDimension.XML,Custom_SIL,STATE_CODE,SOURCE,SIL_EmployeeDimension,BIINFAPROD_FLEX,,W_CODE_D,Source Definition
SIL_EmployeeDimension_SCDUpdate.XML,Custom_SIL,W_EMPLOYEE_D1,TARGET,SIL_EmployeeDimension_SCDUpdate,BIINFAPROD_FLEX,,W_EMPLOYEE_D,Target Definition
SIL_EmployeeDimension_SCDUpdate.XML,Custom_SIL,LKP_PER_ALL_PEOPLE_F,TRANSFORMATION,SIL_EmployeeDimension_SCDUpdate,BIINFAPROD_FLEX,NO,LKP_PER_ALL_PEOPLE_F,Lookup Procedure
SIL_EmployeeDimension_SCDUpdate.XML,Custom_SIL,Fil_W_EMPLOYEE_D_Scd_Update,TRANSFORMATION,SIL_EmployeeDimension_SCDUpdate,BIINFAPROD_FLEX,NO,Fil_W_EMPLOYEE_D_Scd_Update,Filter
SIL_EmployeeDimension_SCDUpdate.XML,Custom_SIL,Exp_W_EMPLOYEE_D_Scd_Update,TRANSFORMATION,SIL_EmployeeDimension_SCDUpdate,BIINFAPROD_FLEX,NO,Exp_W_EMPLOYEE_D_Scd_Update,Expression
SIL_EmployeeDimension_SCDUpdate.XML,Custom_SIL,Sq_W_EMPLOYEE_D,TRANSFORMATION,SIL_EmployeeDimension_SCDUpdate,BIINFAPROD_FLEX,NO,Sq_W_EMPLOYEE_D,Source Qualifier
SIL_EmployeeDimension_SCDUpdate.XML,Custom_SIL,W_EMPLOYEE_D,SOURCE,SIL_EmployeeDimension_SCDUpdate,BIINFAPROD_FLEX,,W_EMPLOYEE_D,Source Definition
SIL_EmployeeHeadCount.XML,Custom_SIL,WC_WRKFC_HEADCNT_F,TARGET,SIL_EmployeeHeadCount,BIINFAPROD_FLEX,,WC_WRKFC_HEADCNT_F,Target Definition
SIL_EmployeeHeadCount.XML,Custom_SIL,mplt_SIL_EmployeeHeadCount,MAPPLET,SIL_EmployeeHeadCount,BIINFAPROD_FLEX,YES,mplt_SIL_EmployeeHeadCount,Mapplet
SIL_EmployeeHeadCount.XML,Custom_SIL,WC_WRKFC_HEADCNT_FS1,SOURCE,SIL_EmployeeHeadCount,BIINFAPROD_FLEX,,WC_WRKFC_HEADCNT_FS,Source Definition
SIL_EmployeeHeadCount.XML,Custom_SIL,LKP_FLAG,TRANSFORMATION,SIL_EmployeeHeadCount,BIINFAPROD_FLEX,NO,LKP_FLAG,Lookup Procedure
SIL_EmployeeHeadCount.XML,Custom_SIL,EXP_FLAG,TRANSFORMATION,SIL_EmployeeHeadCount,BIINFAPROD_FLEX,NO,EXP_FLAG,Expression
SIL_EmployeeHeadCount.XML,Custom_SIL,Lkp_W_PAY_GRADE_D,TRANSFORMATION,SIL_EmployeeHeadCount,BIINFAPROD_FLEX,NO,Lkp_W_PAY_GRADE_D,Lookup Procedure
SIL_EmployeeHeadCount.XML,Custom_SIL,FIL_HDCNT,TRANSFORMATION,SIL_EmployeeHeadCount,BIINFAPROD_FLEX,NO,FIL_HDCNT,Filter
SIL_EmployeeHeadCount.XML,Custom_SIL,LKP_W_POSITION_DH,TRANSFORMATION,SIL_EmployeeHeadCount,BIINFAPROD_FLEX,NO,LKP_W_POSITION_DH,Lookup Procedure
SIL_EmployeeHeadCount.XML,Custom_SIL,LKP_W_MCAL_PERIOD_D,TRANSFORMATION,SIL_EmployeeHeadCount,BIINFAPROD_FLEX,NO,LKP_W_MCAL_PERIOD_D,Lookup Procedure
SIL_EmployeeHeadCount.XML,Custom_SIL,EXP_HDCNT_WID_NULL,TRANSFORMATION,SIL_EmployeeHeadCount,BIINFAPROD_FLEX,NO,EXP_HDCNT_WID_NULL,Expression
SIL_EmployeeHeadCount.XML,Custom_SIL,EXP_HDCNT,TRANSFORMATION,SIL_EmployeeHeadCount,BIINFAPROD_FLEX,NO,EXP_HDCNT,Expression
SIL_EmployeeHeadCount.XML,Custom_SIL,SQ_WC_WRKFC_HEADCNT_FS1,TRANSFORMATION,SIL_EmployeeHeadCount,BIINFAPROD_FLEX,NO,SQ_WC_WRKFC_HEADCNT_FS1,Source Qualifier
SIL_EmployeeHeadCount.XML,Custom_SIL,EXPTRANS,TRANSFORMATION,SIL_EmployeeHeadCount,BIINFAPROD_FLEX,NO,EXPTRANS,Expression
SIL_ProjectCostLine_Fact.XML,Custom_SILOS_PA_Retro,W_PROJ_COST_LINE_F,TARGET,SIL_ProjectCostLine_Fact,BIINFAPROD_FLEX,,W_PROJ_COST_LINE_F,Target Definition
SIL_ProjectCostLine_Fact.XML,Custom_SILOS_PA_Retro,FIL_ETL_PROC_WID,TRANSFORMATION,SIL_ProjectCostLine_Fact,BIINFAPROD_FLEX,NO,FIL_ETL_PROC_WID,Filter
SIL_ProjectCostLine_Fact.XML,Custom_SILOS_PA_Retro,UPD_PROJ_COST_LINE_FACT,TRANSFORMATION,SIL_ProjectCostLine_Fact,BIINFAPROD_FLEX,NO,UPD_PROJ_COST_LINE_FACT,Update Strategy
SIL_ProjectCostLine_Fact.XML,Custom_SILOS_PA_Retro,SQ_W_PROJ_COST_LINE_FS,TRANSFORMATION,SIL_ProjectCostLine_Fact,BIINFAPROD_FLEX,NO,SQ_W_PROJ_COST_LINE_FS,Source Qualifier
SIL_ProjectCostLine_Fact.XML,Custom_SILOS_PA_Retro,EXPTRANS_FROM_CURCY_CD_SWITCH,TRANSFORMATION,SIL_ProjectCostLine_Fact,BIINFAPROD_FLEX,NO,EXPTRANS_FROM_CURCY_CD_SWITCH,Expression
SIL_ProjectCostLine_Fact.XML,Custom_SILOS_PA_Retro,EXP_Custom_DIR_INDIR_Metrics,TRANSFORMATION,SIL_ProjectCostLine_Fact,BIINFAPROD_FLEX,NO,EXP_Custom_DIR_INDIR_Metrics,Expression
SIL_ProjectCostLine_Fact.XML,Custom_SILOS_PA_Retro,EXP_Customer_Wid,TRANSFORMATION,SIL_ProjectCostLine_Fact,BIINFAPROD_FLEX,NO,EXP_Customer_Wid,Expression
SIL_ProjectCostLine_Fact.XML,Custom_SILOS_PA_Retro,EXP_Custom_Extension,TRANSFORMATION,SIL_ProjectCostLine_Fact,BIINFAPROD_FLEX,NO,EXP_Custom_Extension,Expression
SIL_ProjectCostLine_Fact.XML,Custom_SILOS_PA_Retro,W_EMPLOYEE_D1,SOURCE,SIL_ProjectCostLine_Fact,BIINFAPROD_FLEX,,W_EMPLOYEE_D,Source Definition
SIL_ProjectCostLine_Fact.XML,Custom_SILOS_PA_Retro,W_PRODUCT_D,SOURCE,SIL_ProjectCostLine_Fact,BIINFAPROD_FLEX,,W_PRODUCT_D,Source Definition
SIL_ProjectCostLine_Fact.XML,Custom_SILOS_PA_Retro,W_MCAL_PERIOD_D1,SOURCE,SIL_ProjectCostLine_Fact,BIINFAPROD_FLEX,,W_MCAL_PERIOD_D,Source Definition
SIL_ProjectCostLine_Fact.XML,Custom_SILOS_PA_Retro,W_MCAL_PERIOD_D,SOURCE,SIL_ProjectCostLine_Fact,BIINFAPROD_FLEX,,W_MCAL_PERIOD_D,Source Definition
SIL_ProjectCostLine_Fact.XML,Custom_SILOS_PA_Retro,W_PROJECT_D,SOURCE,SIL_ProjectCostLine_Fact,BIINFAPROD_FLEX,,W_PROJECT_D,Source Definition
SIL_ProjectCostLine_Fact.XML,Custom_SILOS_PA_Retro,WC_BU_ORG_DH,SOURCE,SIL_ProjectCostLine_Fact,BIINFAPROD_FLEX,,WC_BU_ORG_DH,Source Definition
SIL_ProjectCostLine_Fact.XML,Custom_SILOS_PA_Retro,W_MFG_RESOURCE_D1,SOURCE,SIL_ProjectCostLine_Fact,BIINFAPROD_FLEX,,W_MFG_RESOURCE_D,Source Definition
SIL_ProjectCostLine_Fact.XML,Custom_SILOS_PA_Retro,W_MFG_RESOURCE_D,SOURCE,SIL_ProjectCostLine_Fact,BIINFAPROD_FLEX,,W_MFG_RESOURCE_D,Source Definition
SIL_ProjectCostLine_Fact.XML,Custom_SILOS_PA_Retro,W_USER_D1,SOURCE,SIL_ProjectCostLine_Fact,BIINFAPROD_FLEX,,W_USER_D,Source Definition
SIL_ProjectCostLine_Fact.XML,Custom_SILOS_PA_Retro,W_MCAL_CONTEXT_G,SOURCE,SIL_ProjectCostLine_Fact,BIINFAPROD_FLEX,,W_MCAL_CONTEXT_G,Source Definition
SIL_ProjectCostLine_Fact.XML,Custom_SILOS_PA_Retro,W_MCAL_CONTEXT_G1,SOURCE,SIL_ProjectCostLine_Fact,BIINFAPROD_FLEX,,W_MCAL_CONTEXT_G,Source Definition
SIL_ProjectCostLine_Fact.XML,Custom_SILOS_PA_Retro,W_JOB_D,SOURCE,SIL_ProjectCostLine_Fact,BIINFAPROD_FLEX,,W_JOB_D,Source Definition
SIL_ProjectCostLine_Fact.XML,Custom_SILOS_PA_Retro,W_JOB_D1,SOURCE,SIL_ProjectCostLine_Fact,BIINFAPROD_FLEX,,W_JOB_D,Source Definition
SIL_ProjectCostLine_Fact.XML,Custom_SILOS_PA_Retro,W_USER_D,SOURCE,SIL_ProjectCostLine_Fact,BIINFAPROD_FLEX,,W_USER_D,Source Definition
SIL_ProjectCostLine_Fact.XML,Custom_SILOS_PA_Retro,W_XACT_TYPE_D,SOURCE,SIL_ProjectCostLine_Fact,BIINFAPROD_FLEX,,W_XACT_TYPE_D,Source Definition
SIL_ProjectCostLine_Fact.XML,Custom_SILOS_PA_Retro,W_XACT_TYPE_D1,SOURCE,SIL_ProjectCostLine_Fact,BIINFAPROD_FLEX,,W_XACT_TYPE_D,Source Definition
SIL_ProjectCostLine_Fact.XML,Custom_SILOS_PA_Retro,W_PARTY_ORG_D,SOURCE,SIL_ProjectCostLine_Fact,BIINFAPROD_FLEX,,W_PARTY_ORG_D,Source Definition
SIL_ProjectCostLine_Fact.XML,Custom_SILOS_PA_Retro,W_PROJ_COST_LINE_FS,SOURCE,SIL_ProjectCostLine_Fact,BIINFAPROD_FLEX,,W_PROJ_COST_LINE_FS,Source Definition
SIL_ProjectCostLine_Fact.XML,Custom_SILOS_PA_Retro,W_STATUS_D,SOURCE,SIL_ProjectCostLine_Fact,BIINFAPROD_FLEX,,W_STATUS_D,Source Definition
SIL_ProjectCostLine_Fact.XML,Custom_SILOS_PA_Retro,MPLT_CODES_GeographyDimension,MAPPLET,SIL_ProjectCostLine_Fact,BIINFAPROD_FLEX,YES,MPLT_CODES_GeographyDimension,Mapplet
SIL_ProjectCostLine_Fact.XML,Custom_SILOS_PA_Retro,MPLT_CURCY_CONVERSION_RATES_ToGlobalCurrenciesOnly,MAPPLET,SIL_ProjectCostLine_Fact,BIINFAPROD_FLEX,YES,MPLT_CURCY_CONVERSION_RATES_ToGlobalCurrenciesOnly,Mapplet
SIL_ProjectCostLine_Fact.XML,Custom_SILOS_PA_Retro,LKP_Get_Target_ETL_METADATA,TRANSFORMATION,SIL_ProjectCostLine_Fact,BIINFAPROD_FLEX,YES,LKP_Get_Target_ETL_METADATA,Lookup Procedure
SIL_ProjectCostLine_Fact.XML,Custom_SILOS_PA_Retro,MPLT_Get_ETL_Proc_WID,MAPPLET,SIL_ProjectCostLine_Fact,BIINFAPROD_FLEX,YES,MPLT_GET_ETL_PROC_WID,Mapplet
SIL_ProjectCostLine_Fact.XML,Custom_SILOS_PA_Retro,mplt_SIL_ProjectCostLineFact,MAPPLET,SIL_ProjectCostLine_Fact,BIINFAPROD_FLEX,YES,mplt_SIL_ProjectCostLineFact,Mapplet
SIL_ProjectCostLine_Fact.XML,Custom_SILOS_PA_Retro,W_INT_ORG_D4,SOURCE,SIL_ProjectCostLine_Fact,BIINFAPROD_FLEX,,W_INT_ORG_D,Source Definition
SIL_ProjectCostLine_Fact.XML,Custom_SILOS_PA_Retro,W_INT_ORG_D5,SOURCE,SIL_ProjectCostLine_Fact,BIINFAPROD_FLEX,,W_INT_ORG_D,Source Definition
SIL_ProjectCostLine_Fact.XML,Custom_SILOS_PA_Retro,W_INT_ORG_D6,SOURCE,SIL_ProjectCostLine_Fact,BIINFAPROD_FLEX,,W_INT_ORG_D,Source Definition
SIL_ProjectCostLine_Fact.XML,Custom_SILOS_PA_Retro,W_INT_ORG_D,SOURCE,SIL_ProjectCostLine_Fact,BIINFAPROD_FLEX,,W_INT_ORG_D,Source Definition
SIL_ProjectCostLine_Fact.XML,Custom_SILOS_PA_Retro,W_INT_ORG_D1,SOURCE,SIL_ProjectCostLine_Fact,BIINFAPROD_FLEX,,W_INT_ORG_D,Source Definition
SIL_ProjectCostLine_Fact.XML,Custom_SILOS_PA_Retro,W_INT_ORG_D3,SOURCE,SIL_ProjectCostLine_Fact,BIINFAPROD_FLEX,,W_INT_ORG_D,Source Definition
SIL_ProjectCostLine_Fact.XML,Custom_SILOS_PA_Retro,W_WORK_TYPE_D,SOURCE,SIL_ProjectCostLine_Fact,BIINFAPROD_FLEX,,W_WORK_TYPE_D,Source Definition
SIL_ProjectCostLine_Fact.XML,Custom_SILOS_PA_Retro,W_INVENTORY_PRODUCT_D,SOURCE,SIL_ProjectCostLine_Fact,BIINFAPROD_FLEX,,W_INVENTORY_PRODUCT_D,Source Definition
SIL_ProjectCostLine_Fact.XML,Custom_SILOS_PA_Retro,W_CODE_D,SOURCE,SIL_ProjectCostLine_Fact,BIINFAPROD_FLEX,,W_CODE_D,Source Definition
SIL_ProjectCostLine_Fact.XML,Custom_SILOS_PA_Retro,W_PROJECT_ROLE_D,SOURCE,SIL_ProjectCostLine_Fact,BIINFAPROD_FLEX,,W_PROJECT_ROLE_D,Source Definition
SIL_ProjectCostLine_Fact.XML,Custom_SILOS_PA_Retro,W_FINANCIAL_RESOURCE_D,SOURCE,SIL_ProjectCostLine_Fact,BIINFAPROD_FLEX,,W_FINANCIAL_RESOURCE_D,Source Definition
SIL_ProjectCostLine_Fact.XML,Custom_SILOS_PA_Retro,W_EMPLOYEE_D2,SOURCE,SIL_ProjectCostLine_Fact,BIINFAPROD_FLEX,,W_EMPLOYEE_D,Source Definition
